Node,SIR
0,232.279
1,271.214
2,227.666
3,151.793
4,143.273
5,143.28
6,196.488
7,269.122
8,255.931
9,142.931
10,85.457
11,173.898
12,309.237
13,364.732
14,246.121
15,218.49
16,258.968
17,190.311
18,157.672
19,193.54
20,167.241
21,324.078
22,212.962
23,188.541
24,209.039
25,264.119
26,121.758
27,194.888
28,323.789
29,338.684
30,342.2
31,234.694
32,142.423
33,285.183
34,366.757
35,208.414
36,325.017
37,266.666
38,117.104
39,280.401
40,369.6
41,374.46
42,140.105
43,212.599
44,192.986
45,320.347
46,316.071
47,41.961
48,166.857
49,324.88
50,350.701
51,204.443
52,176.325
53,193.572
54,313.051
55,192.553
56,347.995
57,165.672
58,296.195
59,297.911
60,240.9
61,126.119
62,343.183
63,290.612
64,313.867
65,343.413
66,298.731
67,327.002
68,71.87
69,337.521
70,125.696
71,151.899
72,340.453
73,331.044
74,356.377
75,340.102
76,214.265
77,48.342
78,93.671
79,338.191
80,109.948
81,228.823
82,206.913
83,215.677
84,203.864
85,203.858
86,335.04
87,340.506
88,198.063
89,314.133
90,215.157
91,285.64
92,48.514
93,332.346
94,312.509
95,359.55
96,68.238
97,238.648
98,141.39
99,17.594
100,20.757
101,27.647
102,32.138
103,29.219
104,22.049
105,41.01
106,74.73
107,125.193
108,226.075
109,283.894
110,131.02
111,253.033
112,284.902
113,138.222
114,190.704
115,337.937
116,291.918
117,313.495
118,325.032
119,261.149
120,160.856
121,213.209
122,69.395
123,176.056
124,128.684
125,252.91
126,161.409
127,332.228
128,95.536
129,258.027
130,189.268
131,207.671
132,205.228
133,233.399
134,226.024
135,217.153
136,274.805
137,145.189
138,117.369
139,206.027
140,166.13
141,207.49
142,277.391
143,110.423
144,296.772
145,366.749
146,162.975
147,186.916
148,233.681
149,84.54
150,285.427
151,222.787
152,255.126
153,245.922
154,250.67
155,194.14
156,264.127
157,167.623
158,103.319
159,53.381
160,39.662
161,253.106
162,335.61
163,119.714
164,37.207
165,225.236
166,290.42
167,219.168
168,128.467
169,215.745
170,246.646
171,39.329
172,241.185
173,257.232
174,143.487
175,267.995
176,231.324
177,208.398
178,219.507
179,147.957
180,86.323
181,277.558
182,63.071
183,278.443
184,270.025
185,304.365
186,237.884
187,207.455
188,123.529
189,17.014
190,317.369
191,123.887
192,17.15
193,197.979
194,155.518
195,267.064
196,106.095
197,155.78
198,215.304
199,100.779
200,217.305
201,263.257
202,103.261
203,89.359
204,226.155
205,161.569
206,269.703
207,166.575
208,229.741
209,197.322
210,368.65
211,193.372
212,183.94
213,65.953
214,209.624
215,167.009
216,105.317
217,171.218
218,296.186
219,248.526
220,50.881
221,259.745
222,32.875
223,66.718
224,262.05
225,204.475
226,35.003
227,75.739
228,88.271
229,100.798
230,36.848
231,17.126
232,49.014
233,22.677
234,31.813
235,39.003
236,48.088
237,17.834
238,10.373
239,28.043
240,30.298
241,38.448
242,52.089
243,25.171
244,33.955
245,22.308
246,44.503
247,84.99
248,155.347
249,43.664
250,115.911
251,84.301
252,133.495
253,94.894
254,139.754
255,112.776
256,150.311
257,234.419
258,204.718
259,161.011
260,228.944
261,39.917
262,34.112
263,165.478
264,165.251
265,42.657
266,143.911
267,32.608
268,43.436
269,178.805
270,13.896
271,153.108
272,60.516
273,200.651
274,121.585
275,47.92
276,14.095
277,145.637
278,18.184
279,44.848
280,149.73
281,18.323
282,12.725
283,212.654
284,49.163
285,40.376
286,150.052
287,158.141
288,150.573
289,125.612
290,101.885
291,33.033
292,218.516
293,141.154
294,206.959
295,73.168
296,225.48
297,141.898
298,116.078
299,124.158
300,41.386
301,62.811
302,113.586
303,96.312
304,31.448
305,23.195
306,53.197
307,171.882
308,26.101
309,46.885
310,27.611
311,115.693
312,34.291
313,27.037
314,31.638
315,76.6
316,73.965
317,49.751
318,52.59
319,67.967
320,25.474
321,70.128
322,39.449
2483,124.982
3197,31.23
1311,320.433
3387,4.288
3538,7.351
3070,8.437
2347,35.223
3541,11.237
2857,18.604
2871,12.327
3392,10.449
3071,19.824
3470,16.955
3543,9.207
2998,9.817
3201,32.588
356,62.59
410,176.72
3743,31.265
3199,48.625
3744,34.691
3185,85.202
3098,90.618
3194,46.421
3203,14.478
463,99.644
1278,287.237
882,39.807
1078,19.086
2053,39.054
1550,38.31
1587,64.894
1333,116.067
2057,34.422
2058,32.219
2062,39.967
438,141.799
1534,40.786
2066,425.003
2067,22.095
2071,53.675
2271,15.646
2887,35.714
2888,37.033
2889,29.164
2896,18.976
2943,15.245
2854,34.533
849,104.537
3362,11.435
1820,81.866
1518,31.444
1668,63.171
3417,9.436
3418,18.942
3419,18.048
1502,123.01
1650,16.427
3371,18.072
1062,29.557
3420,17.527
3421,11.579
2786,21.698
3422,17.189
2774,13.337
3423,11.152
1364,151.883
1651,12.036
1521,19.054
1522,22.001
3424,20.083
2101,50.526
3425,8.786
1430,50.481
2794,12.671
3426,11.629
3427,9.496
3428,13.321
3429,23.67
2490,18.227
3430,23.443
3431,21.241
3432,15.471
3433,15.893
3434,10.464
3435,14.14
3436,8.232
3437,21.283
3438,13.355
3439,11.67
2111,355.712
732,14.248
1654,17.406
2115,45.886
3440,21.321
3348,10.897
595,65.941
3441,12.948
3442,12.54
3443,18.814
3444,12.929
3445,14.85
3446,9.208
2132,400.735
3447,18.777
3448,10.592
1996,25.024
3399,15.179
1332,409.632
1484,145.348
893,30.743
3449,7.229
3450,13.879
3239,15.928
1970,31.74
597,138.987
3451,14.215
3452,16.158
3453,15.845
3454,14.918
2779,11.799
3455,20.353
3456,14.107
3457,14.917
3458,10.063
3459,14.47
3460,15.693
3461,9.019
2158,386.117
3462,21.289
3463,16.08
3464,17.08
2329,30.939
3465,128.297
3466,26.916
3467,10.364
3468,21.724
1556,35.42
1079,20.232
3469,12.076
1400,126.292
2338,29.4
3471,15.914
3472,18.645
1903,26.26
3473,17.76
3474,14.44
1562,40.663
3475,10.156
2791,15.704
3476,13.607
3477,12.208
3478,27.306
3479,14.272
3480,18.518
3481,11.77
3482,18.287
3483,13.191
1405,435.547
1582,45.279
1406,434.376
2007,24.597
3484,14.574
3485,13.803
3486,12.473
3487,14.94
2787,14.682
3488,14.162
3489,12.707
3490,14.368
3491,16.735
3492,11.582
3493,24.172
3494,19.019
3495,18.144
3117,23.763
3496,12.479
769,17.557
3497,14.5
3498,12.965
3385,12.347
2316,19.047
3499,11.883
3500,15.828
3501,10.441
1577,62.318
3502,12.864
3503,20.142
3504,12.998
3505,12.217
3506,19.74
3507,11.152
3508,22.924
1571,45.321
3509,10.762
2206,420.8
3510,10.97
3511,10.964
3512,18.232
3513,11.539
3016,25.408
2287,33.375
3514,13.797
3515,13.408
3516,12.558
1465,31.264
3517,16.44
765,21.442
2590,13.878
3518,12.289
3519,18.198
3520,10.35
2484,189.472
2784,20.558
3521,10.703
3143,14.98
3522,11.979
3523,22.565
3524,11.619
3525,11.799
3526,12.913
2499,15.784
2276,115.665
3527,16.588
3528,11.126
2482,197.723
3191,187.777
3555,141.167
3190,229.787
3569,61.74
3196,118.695
3187,134.009
3560,101.833
985,65.014
1436,60.865
1950,8.713
1835,3.656
3765,7.484
1966,14.299
3766,5.669
3533,9.92
1596,202.931
2783,8.553
3767,8.907
3768,7.772
2322,19.383
2160,239.216
1674,9.825
3769,10.75
3770,25.172
3771,6.046
2332,25.227
2772,7.253
3772,5.694
841,12.745
3773,3.807
3774,8.062
1036,157.42
2928,5.453
3775,4.845
3776,7.339
2537,20.697
3554,80.809
3192,184.482
2439,86.409
2639,219.557
3195,161.361
3571,38.309
3557,60.744
3558,132.911
3572,35.781
3559,68.818
3268,176.882
3563,31.27
3193,80.879
393,191.675
3562,113.836
3188,161.866
3369,37.992
421,232.301
3556,13.137
3745,12.18
3746,20.237
2637,46.887
3095,46.388
456,88.74
3186,38.364
3099,15.668
2367,33.84
379,118.188
864,199.01
3305,205.502
869,210.869
658,218.968
3308,200.105
3309,190.378
863,212.822
4828,140.163
870,215.265
3310,189.043
4815,135.618
4814,99.063
464,179.5
411,257.856
4155,70.533
4854,90.363
656,170.859
4057,100.879
4817,108.468
4826,106.989
860,160.031
650,116.3
3302,116.926
651,133.041
4812,107.856
861,130.038
4054,125.244
4861,104.874
862,138.329
652,165.046
653,124.714
654,136.948
655,95.158
4864,110.539
4816,128.858
4818,58.98
660,97.579
4830,121.93
4879,48.629
3304,133.71
668,137.039
4866,106.298
657,113.711
4780,86.817
4877,56.068
4858,98.318
4880,38.105
4819,162.899
4821,106.856
661,99.948
662,112.913
3303,106.402
663,154.57
588,66.657
4220,173.553
4857,108.347
4073,101.478
664,184.616
666,147.441
3307,189.912
1209,9.498
4841,65.808
4838,105.002
665,178.735
4842,124.29
4837,109.805
4856,82.397
4820,184.85
4860,104.704
4264,66.742
4878,53.312
4551,99.262
4822,133.238
4777,97.817
2122,139.588
4084,150.392
4077,125.713
4778,103.17
868,198.57
4823,141.348
4088,135.515
667,101.013
4874,97.854
3311,172.75
4089,149.182
4859,119.325
4882,32.322
4875,107.017
4855,60.675
4811,81.819
4813,51.861
4862,27.045
4863,50.259
872,144.668
4867,26.58
4868,41.59
4834,113.974
4865,21.435
854,91.755
874,145.192
4870,29.731
4871,28.138
4872,35.648
3731,48.683
4873,22.185
1982,28.536
4076,106.199
3189,32.119
822,11.898
611,26.126
4099,14.911
504,65.429
4129,7.956
4876,57.602
4835,50.634
4883,29.74
4884,7.245
880,31.343
4869,9.857
762,16.749
3091,37.559
424,70.636
824,91.111
4061,78.484
4825,87.538
4827,97.271
865,117.23
871,122.095
365,158.512
3297,92.291
392,207.195
3293,61.144
447,79.052
3561,192.838
1869,32.056
1921,24.468
1924,24.664
1874,15.217
1888,28.826
1901,24.494
3109,11.109
3113,13.025
1929,15.626
3118,6.983
3958,5.895
1919,15.091
437,51.319
3964,3.63
1920,20.65
3965,10.698
3959,8.425
1895,7.083
3960,2.912
1887,16.253
1906,10.904
845,10.831
2247,6.17
1871,24.168
1872,13.263
1880,21.27
1893,15.492
1878,24.165
1913,19.245
1911,20.408
1933,15.315
1881,19.741
1897,15.69
1916,25.336
3114,13.621
1907,21.941
3121,13.412
3122,8.565
1894,17.63
3123,3.227
1930,13.111
1900,17.283
1889,17.368
3124,3.956
1899,20.988
3119,8.624
3116,8.785
1932,34.325
1925,18.777
1902,13.835
1892,14.177
1890,15.656
1912,13.394
1870,22.212
819,10.328
1873,8.28
3108,8.967
1882,6.985
1883,10.952
1885,14.355
1886,7.226
3110,5.464
3111,2.496
426,19.264
3112,8.236
1904,17.684
1905,11.062
3115,3.122
1908,15.088
1910,12.966
1917,8.116
3120,8.596
1918,11.189
1927,12.71
1928,7.041
2566,2.223
2568,17.197
815,33.483
1733,35.479
2592,9.296
1868,4.053
1524,117.01
1884,7.773
1931,11.773
1926,11.732
440,90.619
3301,64.656
3094,35.711
3087,56.573
358,246.853
3198,35.017
986,77.949
3747,24.034
3748,13.571
3749,20.842
3090,35.472
3079,28.715
3088,39.63
3080,40.541
3089,43.15
4342,24.303
4343,26.508
4344,9.722
4345,25.365
4346,21.096
4347,5.24
4348,22.057
4349,31.688
4350,34.861
4351,18.769
4352,28.998
3078,17.989
3084,30.579
3085,40.282
3081,22.715
3086,17.594
3083,67.759
3092,20.008
3082,42.472
3097,12.049
2093,215.27
2096,411.868
2097,304.68
2399,221.243
2404,429.327
2116,351.517
2407,414.94
2119,284.678
2120,439.401
2184,427.034
2233,287.01
3565,118.955
2196,379.651
2151,138.988
3566,127.23
2211,429.352
3208,48.498
2388,338.134
3567,322.16
2179,354.832
2127,398.882
2180,423.905
2156,293.705
2220,336.569
2210,368.895
2192,292.69
2431,346.684
2218,413.425
1350,406.208
2436,434.184
3568,220.252
2216,414.202
2197,433.793
2421,361.64
3339,245.138
2169,441.316
1413,442.346
2638,31.03
362,80.719
394,42.389
3653,119.605
4353,86.42
3597,130.401
4354,90.198
2229,298.61
2149,389.801
2137,384.531
2128,169.959
1251,68.746
2224,265.252
3908,126.054
4355,76.471
3910,132.588
4356,113.672
1274,101.672
1276,229.153
1277,57.475
1279,217.314
1280,147.333
1282,120.497
1284,124.859
1287,199.366
1313,137.728
1362,78.624
1503,18.883
1301,269.142
1519,63.061
1314,197.708
1443,67.457
1520,53.106
1365,48.648
1367,45.019
1523,53.032
1525,11.836
1444,163.622
1526,79.045
1527,19.114
1368,178.942
1369,91.171
1316,250.825
1432,47.526
1528,58.48
1371,54.989
1529,49.63
1470,59.676
1359,24.843
1317,85.689
1372,135.247
1530,88.974
1531,32.808
1532,72.012
1533,15.779
1329,41.642
1374,154.384
1375,139.937
1535,390.992
1536,46.159
1351,69.572
1537,13.744
1538,76.242
1539,33.014
1540,69.96
1378,118.862
1293,238.125
1379,120.979
1460,111.387
1541,34.314
1380,130.527
1381,120.376
1542,99.18
1303,326.924
1384,41.269
1543,18.159
1340,135.695
1341,204.555
1385,25.795
1513,174.511
1290,92.019
1544,48.08
1471,62.116
1388,120.144
1324,103.185
1389,52.689
1515,107.753
1437,108.325
1320,82.302
1545,93.537
1546,55.468
1547,58.743
1323,139.508
1391,72.615
1548,20.777
1549,58.349
1392,172.966
1452,74.213
1330,214.66
1551,105.065
1552,45.228
1395,159.636
1507,77.083
1322,114.339
1396,35.489
1397,87.364
1553,88.535
1554,37.476
1555,35.78
1398,148.033
1304,53.849
1557,50.442
1558,56.189
1559,97.637
1342,104.958
1344,105.125
1349,193.766
1358,111.074
1560,20.076
1561,47.713
1563,104.397
1305,161.228
1319,158.176
1505,173.18
1448,84.148
1417,144.382
1408,110.485
1425,116.181
1339,143.402
1564,15.76
1565,98.892
1566,61.228
1567,62.131
1568,18.92
1321,258.684
1516,132.48
1353,43.808
1427,48.232
1569,49.043
1570,48.762
1442,60.395
1424,52.853
1572,68.945
1306,264.475
1336,72.329
1420,117.582
1573,75.125
1343,200.202
1288,134.0
1415,57.051
1574,83.289
1575,43.246
1297,111.294
1327,102.455
1495,219.462
1422,124.78
1473,113.66
1576,49.085
1337,271.401
1338,131.516
1578,21.155
1354,199.696
1428,164.714
1309,76.616
1356,195.063
1579,21.319
1426,126.432
1347,79.925
1348,143.936
1412,49.748
1580,49.304
1581,27.954
1294,170.094
1419,43.521
1352,29.365
1583,46.841
1584,22.393
1308,174.734
1585,39.248
1586,84.402
1409,119.457
1514,118.818
1588,22.225
1589,48.579
1590,14.232
1421,52.472
1511,139.442
1591,96.353
1312,28.847
1592,65.488
1593,66.951
1346,180.346
1594,25.813
1595,58.18
1296,127.994
1357,51.073
2541,75.788
3202,18.084
3096,17.415
3570,10.729
3093,17.726
4357,136.431
4358,9.931
4359,19.104
4360,21.808
4257,12.526
4361,4.51
4362,20.62
3106,17.409
4363,24.768
4364,24.792
4769,1.931
4770,2.54
4771,2.183
4772,2.514
4773,1.142
4774,1.479
1141,33.275
3360,7.273
4030,8.863
3368,11.325
4050,3.795
4051,8.055
4052,6.576
4053,4.807
4033,10.976
4055,6.601
4056,5.322
4058,3.138
1458,9.3
4059,5.972
4060,5.819
4036,11.787
4037,6.854
4062,8.252
1656,5.418
4038,10.793
4063,65.396
4064,4.494
4065,5.493
4039,9.111
4066,3.155
4067,7.35
4040,5.972
4068,5.725
2446,6.076
4069,6.522
4070,3.953
4071,6.378
4072,5.835
4074,18.002
4075,5.333
4046,6.842
4078,6.569
4032,10.326
4079,3.861
4080,7.502
4081,4.952
2504,5.115
4048,8.108
4082,6.158
3367,7.791
4042,8.396
4041,7.449
4043,9.221
4083,4.918
976,6.656
4085,4.964
4086,5.526
4049,8.914
4087,19.419
4044,7.148
4090,5.745
381,191.98
414,247.227
431,65.924
3266,83.659
448,66.155
3281,63.63
422,179.857
408,216.638
3282,63.626
416,193.86
3276,56.316
385,219.635
395,192.637
363,206.826
3283,66.262
435,55.355
409,103.06
3284,62.207
376,120.455
361,192.998
3289,61.664
3298,39.766
366,77.924
369,136.454
3287,66.812
3294,34.43
3295,62.981
3299,57.441
401,61.35
3313,25.682
405,113.677
3285,65.544
3288,43.269
3323,24.692
3292,43.739
3290,56.461
3325,24.562
2477,22.454
3286,55.366
323,59.939
328,160.943
329,52.55
332,63.45
333,76.801
423,94.618
360,168.917
432,33.732
433,66.729
434,128.647
436,65.842
375,120.395
388,167.921
389,147.85
335,120.717
377,190.324
347,58.191
373,68.958
396,126.81
439,153.556
351,16.017
397,119.14
378,174.993
441,94.556
442,69.99
402,91.774
443,167.605
444,80.265
445,162.775
446,205.857
370,204.29
412,214.674
449,61.021
450,165.806
451,25.395
417,116.914
452,96.979
419,92.948
420,206.425
3291,34.875
342,43.083
3296,23.14
3300,19.673
326,50.934
3279,23.084
374,104.06
3270,170.802
3312,26.471
3040,16.996
3314,16.427
3315,26.659
3316,5.79
324,47.039
339,97.8
368,83.445
372,35.782
407,70.235
364,136.657
340,51.612
413,156.186
404,104.548
406,173.819
3274,62.312
400,73.797
3280,21.555
1953,11.228
430,29.23
357,176.379
380,35.309
398,198.029
325,26.131
331,59.104
390,84.08
341,26.17
391,39.388
344,29.115
3273,14.389
418,44.461
3263,183.35
2052,424.857
2063,350.747
2098,274.004
3326,288.938
3327,287.794
2397,275.616
2107,423.402
1479,421.277
3328,125.3
2117,385.541
3329,264.84
2121,165.987
2123,389.239
2135,293.408
2191,237.304
2140,364.501
1438,344.389
3330,279.273
1462,315.415
2417,309.15
3331,176.567
3332,74.352
2138,393.627
2141,256.912
3333,192.754
3334,243.103
2418,363.06
3335,115.607
2426,239.41
382,134.905
3336,240.538
3337,84.411
2387,170.03
3338,258.345
2381,141.775
2433,303.717
2217,222.787
2419,198.231
2437,301.503
425,45.546
3277,39.619
2076,52.048
349,7.435
3340,134.709
2065,21.717
2068,22.76
3819,13.375
3911,7.632
327,44.837
359,207.985
367,16.115
371,18.385
383,22.165
384,35.612
386,61.359
387,26.312
334,52.26
399,30.574
403,136.127
415,82.053
3265,105.919
3267,128.49
3275,107.348
3261,96.536
3262,87.433
3264,127.81
353,33.899
427,19.452
3269,110.739
1200,19.355
1272,10.131
3271,30.994
3272,18.914
1601,152.864
2885,5.221
3341,56.044
330,21.921
2636,16.996
3403,8.941
3414,31.561
3003,10.891
3066,8.703
2991,8.722
3046,35.861
3396,19.091
3408,21.298
3412,15.591
2847,10.606
2077,93.871
3394,9.699
3402,8.733
3547,3.884
3401,12.082
3395,13.001
3398,7.119
2237,6.462
3393,11.717
2261,28.31
3752,2.25
2956,25.548
2957,25.331
2858,29.726
2859,25.855
2839,24.197
2846,24.9
3067,9.376
5249,1.119
3532,5.299
5250,1.615
3540,8.432
1326,155.304
3149,7.236
1076,45.806
4390,22.529
2344,74.314
1699,67.169
3153,7.462
4584,9.443
2879,6.03
4585,2.689
2167,81.15
2083,72.186
2246,32.523
3718,9.351
3182,5.376
2205,37.911
2084,46.293
4586,6.688
1038,26.833
3755,7.937
2869,10.746
3550,1.431
5315,1.378
2838,24.793
2824,31.264
2825,10.781
3415,3.515
3404,9.062
3405,5.613
2961,20.792
1718,29.677
3406,6.622
3407,8.338
2389,14.71
3409,6.125
3400,6.9
3411,8.298
3413,4.241
1800,18.468
3416,5.188
2976,15.988
3389,3.924
3703,17.339
3711,18.701
4589,14.11
4750,10.608
846,30.474
4581,9.294
4499,14.89
2253,13.723
2255,19.457
4594,11.832
3545,3.612
3546,2.668
3548,2.204
3549,4.446
2150,16.705
3551,3.02
3552,1.87
345,49.753
2265,6.198
2714,20.995
4595,2.9
2882,32.16
2181,40.97
1383,95.088
2969,22.146
3534,6.49
5302,1.1
3388,5.762
3410,3.262
3045,8.381
5232,7.418
4887,5.94
2766,3.449
2773,42.872
2775,4.858
2776,1.695
2777,12.874
2778,2.277
2780,9.634
2781,5.661
2782,3.235
2785,13.42
429,49.143
4554,9.108
5357,5.952
5358,9.576
5359,11.154
5360,3.407
5361,7.387
2289,9.99
1838,4.709
2291,13.182
2292,5.36
2293,2.428
2295,12.579
1848,10.156
2296,13.288
2297,11.201
2298,5.997
2300,3.183
2301,5.644
2302,2.27
2303,71.162
2310,7.787
2313,12.388
2307,16.186
1847,9.605
2312,11.366
1851,7.796
2308,16.655
1853,6.09
2311,9.104
2305,8.138
1861,10.758
1843,6.246
1855,8.611
350,22.103
4973,6.92
4904,19.028
4682,5.196
2640,29.793
3200,9.497
336,34.933
337,38.707
338,45.57
455,16.88
343,26.77
354,50.538
355,18.267
3240,10.435
3238,7.275
2540,8.461
5264,11.362
4619,17.218
5266,15.882
5267,4.609
4692,16.66
5268,13.877
5269,15.148
4684,9.88
5270,13.621
5271,15.417
5274,14.534
4683,11.562
5283,7.935
5277,12.964
4886,9.174
4685,3.822
5278,11.406
4689,16.471
4688,8.787
5292,4.476
5598,1.093
5599,2.203
5600,1.076
842,8.416
5276,4.745
5282,9.047
5280,9.107
4679,7.57
5273,1.988
5285,5.225
5288,1.626
5289,4.836
5290,2.895
5281,3.571
5275,6.713
5291,2.319
5286,2.012
5265,5.795
346,5.195
348,7.197
352,29.221
428,23.901
453,29.309
454,9.633
721,54.039
953,48.704
712,13.187
2048,14.39
4457,8.808
2878,19.785
1805,29.096
2092,26.195
1968,5.508
2443,12.41
2444,12.056
2445,5.54
2447,9.301
2448,9.396
2449,9.16
2450,8.951
2451,11.526
2452,9.029
2453,12.494
2454,9.249
2455,7.336
2456,5.09
2457,6.168
2458,11.371
2459,7.225
2460,15.432
2461,11.862
2462,2.464
2463,7.559
2464,11.147
2465,6.567
2466,11.392
2467,12.622
2468,8.977
2469,12.343
2470,4.239
1667,6.326
2471,9.733
2472,5.943
2473,12.875
2474,12.973
2475,10.064
2476,5.786
2478,9.611
2479,13.072
2480,14.909
2481,8.87
4702,140.689
4704,102.846
3306,131.178
4850,38.69
4708,93.863
4707,35.61
4851,97.094
458,91.671
459,183.59
460,170.0
462,191.173
465,188.71
466,183.949
467,101.822
468,101.138
469,73.538
470,154.827
472,190.166
628,28.887
606,163.477
481,143.873
688,24.084
825,29.173
473,63.139
495,73.664
496,89.498
497,150.645
2511,25.888
506,76.205
635,29.877
508,72.923
509,150.739
510,22.17
674,73.388
511,47.854
596,115.526
512,99.318
513,97.424
514,113.002
484,121.635
2512,15.725
517,72.382
518,120.394
519,62.968
598,48.935
521,95.454
671,40.856
522,89.131
2513,8.563
2514,9.562
2515,10.32
526,60.871
527,123.091
487,175.488
528,139.21
538,106.103
531,76.28
533,107.741
600,77.084
2516,9.407
534,102.004
587,57.508
536,74.481
530,82.738
608,104.959
540,111.669
523,62.171
480,71.184
599,55.092
542,99.356
637,62.958
492,112.466
601,43.618
2517,8.83
543,127.878
493,144.951
1702,73.29
856,12.281
2518,18.71
488,98.155
649,40.859
548,44.271
640,77.185
549,152.794
2519,11.775
550,67.893
478,86.416
552,67.6
553,91.63
555,68.99
502,94.17
603,110.912
556,116.038
557,71.612
558,107.358
567,130.363
566,79.986
482,76.721
562,59.128
568,149.707
490,81.683
569,129.785
570,109.545
571,62.236
2520,22.537
575,71.457
576,87.075
2521,42.586
579,67.816
580,85.463
675,20.926
581,56.496
582,139.517
647,31.254
584,49.409
643,36.816
586,136.944
605,73.647
479,95.574
589,113.382
500,126.05
2522,8.818
485,76.997
648,42.315
644,44.309
585,67.826
593,130.23
672,34.162
691,29.102
857,91.916
573,41.356
2285,8.063
1914,6.651
5035,2.98
5544,1.21
2700,12.08
5037,2.582
5036,1.459
4245,10.664
5339,1.041
5340,1.344
5341,1.142
5342,1.043
5710,2.084
4706,51.123
539,73.936
3324,20.041
5034,11.06
3077,6.668
4775,44.325
4703,42.528
1486,134.512
1493,150.587
873,110.121
2125,211.244
2173,295.588
2145,210.346
2204,180.425
2183,322.838
2227,168.394
2225,242.461
2414,210.576
3591,44.985
3278,20.366
2873,4.454
2988,7.199
2989,5.926
2830,14.944
3531,6.24
3535,4.302
3536,7.302
2231,28.058
3537,6.551
2997,6.99
3539,46.225
3542,3.465
3544,14.812
4705,48.498
2209,361.577
2152,366.565
1879,11.474
1875,9.813
1922,6.367
1023,29.601
2343,9.475
2262,25.356
2345,8.56
2346,10.583
1710,42.071
1725,26.162
2268,10.176
2348,231.318
2349,21.824
1763,37.689
2350,14.908
2351,7.318
2352,8.86
2353,4.272
2354,8.517
2355,9.952
848,77.875
1810,31.723
2356,38.649
2357,6.362
2358,8.685
1815,72.598
2359,3.867
2360,8.848
2361,7.835
2362,4.65
1080,38.439
2363,13.639
1794,37.038
2364,11.036
2365,10.414
2366,12.051
2368,11.654
2369,12.026
2370,4.355
2371,7.602
2372,12.056
2373,6.441
2374,7.103
1401,150.009
2238,9.319
3379,7.341
4246,2.899
4247,2.966
4248,2.976
4274,4.506
4273,4.58
4275,3.127
4276,2.231
4277,5.227
4278,1.439
4255,3.036
4279,7.646
4252,4.082
4256,2.209
4280,3.795
2892,9.35
4271,9.348
4281,3.748
4282,2.279
4258,5.644
4283,3.761
4284,15.097
4285,2.768
4269,2.598
4555,1.964
4556,2.284
2890,5.758
4557,1.662
4539,2.413
4540,2.864
4558,1.725
3390,23.153
4559,1.869
4291,2.838
3370,2.506
3156,3.967
4286,2.079
457,64.713
461,26.683
471,30.437
474,93.66
475,65.777
476,62.141
477,93.858
483,123.772
486,54.749
489,79.799
491,80.047
494,65.813
498,48.674
499,69.756
501,108.394
503,10.333
505,39.21
507,43.897
515,67.215
516,47.041
520,60.885
524,42.622
525,64.581
529,39.923
532,52.585
535,60.233
537,35.113
541,72.632
544,67.385
545,69.403
546,42.454
547,81.775
551,31.266
554,40.817
559,54.822
560,54.143
561,80.88
563,85.088
564,55.232
565,97.887
572,74.648
574,27.33
577,51.125
578,32.076
583,64.332
590,54.941
591,58.743
592,59.862
594,122.477
602,90.051
604,115.199
607,39.76
609,37.571
610,19.032
612,25.679
613,19.873
614,16.296
615,29.748
616,26.078
617,19.441
618,25.52
619,21.399
620,29.619
621,21.018
622,18.843
623,22.966
624,21.009
625,25.43
626,19.264
627,22.466
629,25.516
630,16.264
631,24.079
632,24.59
633,25.55
634,19.939
636,50.297
638,65.979
639,27.902
641,34.22
642,55.267
645,80.799
646,79.749
659,11.718
669,11.474
670,25.616
673,21.78
676,21.437
677,12.753
678,24.087
679,12.941
680,14.626
681,9.295
682,18.47
683,17.772
684,13.665
685,11.42
686,18.471
687,16.494
689,15.549
690,85.797
1705,19.293
4096,4.256
859,17.101
853,46.318
4123,11.838
4779,2.824
2598,7.145
4093,12.299
850,8.773
4121,3.123
4098,6.749
4100,10.296
2523,33.42
4092,12.58
3218,5.739
4105,7.933
4776,4.437
2635,4.901
2634,4.795
2532,10.0
2555,14.457
3210,5.009
2561,8.527
3245,9.222
4687,5.07
852,8.21
855,7.388
823,13.019
826,15.74
827,5.249
829,12.213
828,9.343
847,1.86
858,2.08
851,6.983
830,9.302
831,14.556
832,7.02
833,7.661
834,1.503
835,3.168
836,7.872
837,5.576
838,4.259
839,3.995
840,8.962
843,6.21
844,3.83
2198,427.588
2380,244.171
2147,216.609
799,203.214
4781,8.14
694,33.443
947,41.285
3105,9.523
4840,41.54
4832,64.044
867,101.267
4831,69.857
875,92.337
876,54.869
4829,21.233
866,68.458
4634,71.74
4836,79.114
4824,41.981
4833,42.073
4881,12.03
3961,53.359
4839,54.129
4103,5.14
4095,7.723
4106,5.372
4109,8.376
4117,4.736
4094,14.33
4111,5.978
4116,6.246
4101,6.673
4097,5.334
4115,5.067
3863,62.264
2279,11.341
2605,3.116
5365,3.694
1286,120.437
1632,48.571
1491,134.653
1670,118.6
1675,59.659
1481,231.453
3809,96.949
4797,7.978
1492,174.873
3825,31.978
1001,25.397
692,2.373
693,4.133
695,21.659
696,1.45
697,7.529
698,1.583
699,3.067
700,1.67
701,8.291
702,24.968
703,11.323
704,3.925
705,1.836
706,6.656
707,1.075
708,1.994
709,2.216
710,4.386
711,1.173
713,1.284
714,2.907
715,30.356
716,3.606
717,1.395
718,3.407
719,5.987
720,4.921
722,10.334
723,8.549
724,9.066
725,13.291
726,9.344
727,9.995
728,9.251
729,8.929
730,13.029
731,26.597
733,2.316
734,18.114
735,6.726
736,20.631
737,17.782
738,2.053
739,5.778
740,11.276
741,9.269
742,6.279
743,17.562
744,10.01
745,12.502
746,7.351
747,28.147
748,4.804
749,21.635
750,15.1
751,20.94
752,5.587
753,1.937
754,3.55
755,15.274
756,8.689
757,11.785
758,11.628
759,25.252
760,22.794
761,9.378
763,44.39
764,7.001
766,17.487
767,8.288
768,4.09
770,8.7
771,2.655
772,11.262
773,16.442
774,10.195
775,11.384
776,2.127
777,14.117
778,10.579
779,5.21
780,13.467
781,13.181
782,5.704
783,11.509
784,4.495
785,4.233
786,7.553
787,10.483
788,6.709
789,12.148
790,23.675
791,2.701
792,7.878
793,6.434
794,9.502
795,5.027
796,5.199
797,2.56
798,5.566
800,7.296
801,13.195
802,7.041
803,1.949
804,6.708
805,27.713
806,1.119
807,1.313
808,1.921
809,1.228
810,18.792
811,4.612
812,4.355
813,7.931
814,5.19
816,29.523
817,13.962
818,17.674
820,4.397
821,7.431
879,9.661
3971,5.121
2983,10.063
4007,4.384
936,23.471
926,26.308
895,25.343
3973,3.643
3072,5.008
3100,1.379
3101,4.93
883,25.391
922,8.815
3102,4.526
3103,2.456
1998,16.094
3104,7.574
3050,5.777
902,11.733
923,19.082
2021,11.342
913,3.003
924,8.306
3107,4.627
4420,2.738
2009,3.693
2028,2.293
916,4.143
3976,4.787
898,4.029
4338,13.993
3887,2.497
4412,15.769
4386,12.02
4023,13.693
937,33.038
4460,4.839
4399,7.295
958,18.921
881,9.969
1987,4.656
1988,3.251
3998,1.449
1989,2.717
3868,7.341
1990,8.871
917,2.026
3999,1.408
4000,1.916
4001,6.127
1992,7.23
4002,2.257
1994,6.329
2011,3.033
1995,5.011
4003,2.588
2047,4.398
2006,2.289
897,6.26
3978,5.944
921,6.729
903,11.686
2008,9.241
4004,2.082
4005,3.68
3252,3.324
4006,1.691
4008,1.247
2010,4.67
2019,3.963
2003,5.698
925,5.109
3975,7.591
4423,4.763
4456,3.068
3696,28.716
927,17.642
951,19.817
4227,6.479
4020,11.36
4376,6.476
4377,13.544
955,22.626
4378,7.587
4379,10.831
892,4.796
4380,9.093
3693,10.429
938,12.596
3883,17.469
935,11.943
4381,2.354
4382,12.198
3553,6.769
4383,3.314
4384,2.66
4385,5.269
4265,9.534
4387,8.462
4388,6.278
4267,8.795
933,7.196
4389,9.905
939,8.043
906,7.623
932,13.386
934,22.682
4391,4.003
4392,5.956
3870,16.195
940,11.25
3620,239.481
2043,29.17
4393,5.894
945,24.149
4394,3.861
4395,3.338
4396,10.637
885,22.055
3074,4.096
4397,10.371
3871,7.29
4019,9.765
952,18.477
4398,6.46
959,19.643
4400,5.897
4401,11.07
4261,8.647
4402,6.938
4181,10.789
4022,18.558
4403,7.64
944,9.089
931,11.732
2035,10.869
2788,20.313
946,7.814
3695,15.599
2045,7.609
2037,7.885
957,11.337
4404,1.727
4405,4.851
941,18.214
3782,3.621
4406,8.183
4259,24.382
4407,3.217
960,22.835
3692,11.002
4408,6.074
950,15.517
4409,6.025
3988,9.101
3993,11.937
4410,6.314
4411,10.425
4018,18.401
4413,4.08
4311,15.614
2588,11.417
928,19.505
3699,9.181
4414,5.229
4415,2.493
891,5.836
3875,6.644
4416,8.331
4417,4.259
4418,7.802
4428,3.379
4473,3.521
896,4.909
2024,12.347
907,3.303
3990,2.834
2001,3.415
3980,2.882
4897,1.115
4898,2.376
4015,4.179
3876,15.894
4017,9.817
3966,1.525
900,3.247
3872,5.119
909,3.75
3869,1.874
908,7.642
3991,1.422
1986,5.208
3996,5.862
3994,1.522
5002,1.425
912,4.653
5003,1.526
3997,17.008
5004,3.394
5005,2.217
3995,3.934
918,2.481
910,6.182
2030,3.662
1991,6.15
2031,5.416
2032,3.186
2033,1.488
2034,2.896
2036,2.121
2012,5.132
2027,3.504
2038,1.565
949,6.703
2039,2.189
2040,1.716
1997,4.435
3075,11.244
943,10.01
4427,5.819
948,5.428
886,10.056
904,3.652
3873,2.038
3874,2.129
2026,2.803
2029,3.29
3257,18.733
890,4.58
4504,1.592
5006,2.496
3889,2.646
5007,1.939
2013,2.65
2014,1.317
2015,1.49
3882,1.914
5321,1.78
2016,3.912
2017,2.09
1999,2.315
2018,1.45
2020,181.076
2022,1.27
2023,5.606
1827,26.502
2849,27.473
914,7.951
911,3.151
3970,3.352
3972,2.211
3781,2.684
3974,3.618
3977,3.352
3979,4.968
3890,3.52
3981,3.326
3052,5.652
3982,8.874
2025,3.951
3983,3.35
3984,1.421
3985,2.177
3986,2.025
3987,3.467
2004,2.652
1993,3.173
2000,2.36
2002,2.572
2005,1.931
3073,2.584
5136,1.534
3884,6.593
4263,10.085
4266,8.512
3800,15.022
3756,1.453
4013,5.409
4421,4.223
5418,1.765
2041,7.76
2042,4.203
3877,3.458
3880,1.121
5476,1.933
4787,80.048
4789,2.466
4790,3.304
2384,231.408
4480,1.073
2633,9.556
4425,9.078
3878,1.059
3879,1.033
3881,2.719
5144,1.534
929,3.99
4009,2.078
4462,2.375
4452,6.471
5610,1.199
5611,1.185
2044,3.73
3048,2.239
3049,1.621
3051,1.67
3053,1.389
4450,2.795
878,2.192
884,2.249
887,1.29
888,2.574
889,2.207
894,4.99
899,1.213
901,1.41
905,1.85
5001,1.339
4477,1.913
5906,1.136
5000,1.381
4010,1.506
3885,2.839
4011,2.335
4012,2.845
4014,9.034
4016,3.468
5008,1.95
5473,1.053
3992,1.426
2142,391.532
2134,332.812
2104,398.778
2219,356.779
2109,308.868
2129,356.977
2187,243.583
3629,56.294
2377,340.362
3657,154.669
3646,38.783
4478,2.201
4476,3.772
3886,1.779
4751,7.567
5138,1.267
2525,14.582
1771,52.126
2900,4.324
4136,26.503
4137,8.217
2527,27.472
4138,16.509
4139,18.626
4140,13.37
4141,13.87
4142,13.387
3365,9.074
4143,11.419
4144,14.164
4145,8.474
4146,16.526
4147,11.855
4148,13.372
4149,4.681
4150,4.583
4151,12.305
4152,7.203
4153,10.562
4156,10.219
4157,9.921
4158,11.949
2923,24.963
4159,17.631
4160,4.004
3384,20.617
4161,4.672
4162,6.987
4163,6.196
4164,10.801
4165,7.245
4166,20.827
4167,6.784
4168,8.173
4169,11.448
4170,12.039
4171,13.771
4173,10.127
4174,6.734
4175,13.791
4176,9.484
4177,5.657
4230,3.239
4211,3.163
4231,1.294
2922,22.166
4200,7.107
4232,2.541
4198,6.702
4195,7.286
4190,4.444
4204,4.491
4192,14.837
4233,1.411
4234,3.74
4206,4.755
4235,2.185
4202,3.735
4236,3.156
4212,3.974
4196,5.848
4237,3.032
4207,3.845
4199,4.5
4238,5.191
4239,3.697
3381,4.304
4213,3.614
4193,5.985
4188,15.691
4240,2.207
3804,5.306
3383,5.207
4183,15.277
4185,6.231
4241,4.302
1051,5.06
4242,2.804
4243,3.314
4187,4.527
4201,9.503
2924,19.364
4189,12.112
4205,5.205
2564,9.484
1682,18.884
2567,9.1
2569,20.29
2570,11.924
2571,11.94
1745,60.769
2572,13.989
3247,2.016
2597,31.164
2604,2.444
2614,5.247
2573,18.829
2591,3.381
2599,3.166
2579,7.747
2612,3.601
2576,10.098
2585,10.444
2578,4.248
2595,24.718
1760,35.517
1706,12.714
1678,19.381
2565,10.315
2581,2.845
2574,4.118
2589,3.433
2275,22.763
2606,3.341
2281,62.632
2580,3.19
1627,89.326
2575,2.961
2223,23.081
2593,6.845
2594,4.368
2577,3.358
1766,41.302
2601,1.915
1765,29.868
2586,3.388
1934,3.41
1935,1.489
1936,2.057
1937,1.666
1938,4.891
1939,4.239
1940,2.582
1941,1.81
1942,2.564
1898,3.678
1943,1.517
2391,1.202
5464,1.279
2392,1.149
5465,1.981
2707,12.335
3796,1.568
2708,18.914
3797,1.583
3798,1.457
1984,1.373
3795,5.403
2721,71.881
877,182.66
4127,2.964
1000,4.679
1020,5.619
4914,1.972
3212,4.731
3213,5.718
4133,4.703
4917,2.691
4122,4.754
4132,2.873
2393,3.142
4130,3.588
4916,4.015
4915,3.2
3216,7.468
4128,3.204
2535,17.458
2529,5.964
3211,5.261
2545,2.133
3214,6.018
3215,6.194
2530,10.076
2534,5.299
2528,7.326
2536,7.285
2539,14.65
2544,7.451
2563,1.952
3217,6.395
4961,4.447
4126,6.152
4102,2.585
4994,2.768
4131,1.941
4995,2.243
2330,16.074
2980,9.958
4628,1.881
4629,3.229
2254,17.689
2743,7.931
3712,7.947
2333,20.209
4636,2.917
4587,1.49
4630,3.199
4635,1.397
2256,9.731
2257,7.431
2327,12.912
2335,17.992
4469,12.188
2232,45.729
2340,19.011
2248,11.479
3720,11.901
2336,16.003
3706,4.984
2341,13.736
2240,13.835
4562,10.786
2239,14.757
2319,11.427
2320,22.337
1703,28.462
5045,1.472
4561,6.665
2243,16.755
2326,10.875
3719,9.627
2175,138.164
2328,14.766
4565,9.538
3953,7.258
2250,11.103
4593,4.985
2337,11.374
2339,15.475
4566,4.898
1711,24.426
3036,10.455
2260,14.096
1696,33.922
1698,28.771
1704,59.981
1712,15.192
3037,9.032
1724,27.202
1732,20.288
1508,109.223
2613,7.213
3039,14.078
3042,9.951
3043,9.787
1775,13.94
3041,13.623
1781,38.182
1803,108.853
1600,17.239
993,29.081
1790,45.956
1818,35.907
1793,110.507
4662,5.814
2226,60.9
1755,25.49
3035,7.336
1804,26.163
3047,5.245
3038,4.981
3044,8.922
4107,1.731
4108,4.752
4120,4.868
4110,2.966
4118,5.542
3844,89.603
4125,1.944
5480,1.2
5066,1.13
2185,68.564
2200,124.15
2146,261.921
3735,20.722
5864,1.148
4951,1.794
4134,1.239
5831,1.333
4885,11.224
4810,19.497
4899,10.591
3701,5.777
4288,18.404
975,3.965
5420,5.695
997,16.626
1004,8.803
1496,173.631
1487,210.314
2386,239.049
1483,189.256
1485,218.343
3815,143.076
3027,41.63
1478,144.527
3827,113.931
1494,191.256
3834,179.485
1498,136.649
3810,197.075
1482,182.359
3811,133.591
4929,34.459
3833,111.056
3843,88.628
3840,105.996
1489,163.08
3824,66.628
4965,32.779
1466,30.79
3849,19.715
915,2.49
919,3.674
920,2.56
930,9.836
942,4.592
954,13.518
956,5.994
3967,3.163
3968,3.373
3969,1.334
2046,3.49
4453,3.149
4260,8.865
4021,2.355
5810,1.045
5584,1.087
4451,1.281
5137,2.922
4464,4.391
4497,4.06
4498,1.243
4470,2.763
4448,1.812
4458,5.405
4439,4.503
5477,1.258
4501,2.457
3694,13.72
4437,4.74
4467,1.167
4468,1.081
5299,1.08
3780,1.963
5491,1.086
5492,1.619
1978,6.14
2502,6.76
5300,1.093
3741,1.354
3664,1.457
4508,37.303
4465,1.271
4509,1.197
4432,2.756
4502,1.802
4268,5.87
4447,3.968
1003,3.288
1086,10.339
1074,8.658
4262,8.207
1636,4.427
1947,5.963
1949,1.814
1964,1.443
3666,2.139
2495,3.626
3697,1.295
1977,2.183
3698,1.488
1979,2.071
3700,8.941
1974,1.824
1960,4.129
1975,1.57
2496,1.793
4506,2.836
4463,8.289
4466,1.26
4434,8.238
4454,1.204
1645,18.152
4419,4.641
4475,1.724
4430,5.312
4507,1.993
4500,1.362
3989,1.144
3373,3.514
4422,2.865
4424,2.975
3076,4.277
4426,3.413
4429,3.639
4431,4.486
4433,5.106
4435,3.94
4436,3.657
4438,3.972
4440,1.96
4222,4.138
4461,2.889
961,1.041
962,1.199
963,3.69
964,1.17
965,2.006
1971,4.932
3688,1.076
2491,3.039
2506,3.528
2507,2.125
5555,1.454
2494,10.41
1985,2.355
1976,1.847
3017,1.854
5771,1.078
1954,1.705
966,1.21
967,1.179
968,2.881
969,1.515
970,1.141
971,1.16
972,1.226
973,1.135
974,1.308
977,1.147
978,1.118
979,1.202
980,1.124
981,2.317
982,2.549
983,1.773
5498,1.229
5499,1.231
5500,1.09
5068,2.336
5074,2.25
4533,1.192
4955,1.725
4544,2.37
5038,1.352
5039,2.098
5040,1.328
4254,3.919
4957,1.287
5414,1.034
4952,1.801
4954,1.202
4956,1.164
984,2.023
987,12.623
988,6.28
989,3.778
990,16.518
991,6.099
992,6.448
994,3.254
995,4.222
996,38.227
998,21.765
999,34.429
1002,8.16
1005,9.313
1006,205.329
1007,10.083
1008,6.467
1009,6.632
1010,13.001
1011,28.503
1012,2.773
1013,25.934
1014,4.808
1015,22.964
1016,4.693
1017,3.694
1018,3.501
1019,6.004
1021,3.035
1022,1.368
1024,9.434
1025,2.21
1026,7.544
1027,11.299
1028,3.379
1029,14.213
1030,2.651
1031,3.274
1032,2.999
1033,3.551
1034,5.475
1035,6.28
1037,3.74
1039,3.364
1040,6.741
1041,6.946
1042,5.603
1043,2.417
1044,7.839
1045,25.356
1046,5.742
1047,10.148
1048,5.301
1049,14.331
1050,12.574
1052,8.336
1053,11.785
1054,3.621
1055,5.729
1056,8.206
1057,4.059
1058,3.05
1059,8.033
1060,14.73
1061,9.709
1063,8.627
1064,5.255
1065,2.037
1066,4.099
1067,34.659
1068,1.979
1069,3.818
1070,5.776
1071,4.056
1072,9.344
1073,5.023
1075,3.782
1077,6.186
1081,7.902
1082,20.46
1083,9.798
1084,2.18
1085,8.506
1087,6.773
1088,4.142
1089,4.399
1090,8.967
1091,5.311
2049,8.177
2050,27.493
2051,17.239
2054,6.322
2055,50.02
2056,6.112
2059,4.386
2060,4.356
2061,3.43
2064,7.13
2069,10.536
2070,4.997
2072,7.754
2440,1.079
4292,4.384
4293,9.033
4294,6.44
4295,5.072
4296,3.387
4674,1.239
3901,37.138
2390,17.689
2531,13.716
4675,3.13
4676,9.917
4974,1.877
1792,21.477
4975,5.898
4976,3.28
4977,4.088
4978,2.587
4979,2.953
1770,24.712
4980,2.014
1300,276.498
1370,160.409
1700,45.386
4699,19.988
2680,17.047
1622,41.847
1403,61.136
4923,9.885
4981,2.484
2082,13.275
4982,2.058
4931,50.124
1501,82.688
4983,4.837
4984,7.051
2188,287.788
2139,153.297
4026,41.381
3583,248.507
3586,82.087
2118,105.55
3617,131.702
2221,343.956
4029,23.258
2088,192.743
1689,23.994
3647,13.681
4985,3.775
2394,3.477
4986,1.369
1355,149.317
1717,20.441
1776,39.201
1761,120.768
1694,18.044
1721,27.876
1723,23.726
2771,5.798
1727,25.894
1728,37.615
1738,30.125
1669,67.436
1510,98.351
4987,8.993
1814,29.825
1504,94.055
1743,17.721
1777,22.803
1345,78.125
1807,44.076
1752,32.322
1759,90.949
1809,26.016
1786,20.975
1334,74.984
1749,16.429
4988,7.98
1791,28.665
1754,17.22
4989,8.44
3246,1.756
4513,11.147
4733,3.337
4734,4.286
4737,1.745
2235,3.492
4990,2.477
4991,5.271
2277,22.268
4669,2.815
4992,3.483
4993,1.44
4670,3.812
3822,15.534
4996,2.44
4997,1.507
4677,1.207
2641,12.687
4998,1.173
3357,3.691
1751,44.802
1784,18.189
4999,1.153
1092,1.39
1093,17.932
1094,1.831
1095,1.321
1096,1.504
1097,3.063
1098,1.872
1099,2.644
1100,1.457
1101,4.339
1102,1.68
1103,1.782
1104,2.014
1105,2.793
1106,1.32
1107,1.426
1108,2.988
1109,4.57
1110,1.873
1111,3.444
1112,2.254
1113,2.826
1114,2.359
1115,3.978
1116,1.284
1117,3.212
1118,4.398
1119,3.323
1120,2.331
1121,5.065
1122,1.944
1123,3.282
1124,1.323
1125,2.627
1126,1.313
1127,3.609
1128,1.325
1129,1.387
1130,1.718
1131,2.706
1132,1.979
1133,4.039
1134,2.641
1135,1.485
1136,1.366
1137,3.46
1138,1.808
1139,2.523
1140,1.83
1142,3.559
1143,2.87
1144,2.079
1145,1.714
1146,1.623
1147,2.173
1148,2.749
1149,1.444
1150,7.54
1151,1.364
1152,1.397
1153,2.934
1154,3.006
1155,1.897
1156,1.737
1157,2.261
1158,4.467
1159,2.594
1160,1.416
1161,2.272
1162,2.756
1163,1.21
1164,1.51
1165,2.248
1166,1.299
1167,1.602
1168,1.367
1169,1.477
1170,1.366
1171,1.517
1172,2.017
1173,1.787
1174,4.115
1175,2.264
1176,1.576
1177,1.49
1178,1.547
1179,1.854
1180,4.669
1181,2.363
1182,1.436
1183,6.121
1184,1.957
1185,2.007
1186,2.944
1187,1.996
1188,2.515
1189,5.99
1190,1.322
1191,1.529
1192,1.131
1193,4.954
1194,3.411
1195,1.51
1196,1.554
1197,4.072
1198,3.57
1199,2.959
1201,1.619
1202,2.781
1203,3.381
1204,3.603
1205,3.429
1206,2.261
1207,1.568
1208,2.247
1210,1.257
1211,1.284
1212,9.244
1213,1.374
1214,2.977
1215,1.469
1216,1.334
1217,1.573
1218,5.67
1219,4.496
1220,1.35
1221,1.27
1222,1.445
1223,1.569
1224,1.248
1225,1.359
1226,2.839
1227,2.136
1228,1.97
1229,1.466
1230,3.709
1231,1.388
1232,1.375
1233,1.716
1234,1.644
1235,3.507
1236,1.543
1237,2.018
1238,1.257
1239,1.672
1240,6.568
1241,2.142
1242,3.329
1243,1.399
1244,2.93
1245,2.785
1246,3.298
1247,3.398
1248,1.367
1249,1.238
1250,2.483
1252,1.339
1253,1.365
1254,3.778
1255,1.289
1256,1.399
1257,1.546
1258,1.901
1259,2.204
1260,1.323
1261,1.463
1262,2.472
1263,1.99
1264,1.372
1266,5.32
3319,6.38
5218,1.548
5219,1.675
3317,2.886
1273,2.313
4272,3.169
5063,6.525
5637,2.495
5314,1.633
5788,1.087
5636,1.346
1269,1.178
4534,1.923
5467,1.342
5627,1.119
3318,3.845
2334,42.201
3320,3.125
3321,1.24
3322,1.801
5114,1.151
1270,2.683
5557,1.404
3062,1.167
5111,2.855
5112,1.167
5113,1.065
5834,1.542
1268,1.41
5466,2.691
5530,1.651
5632,1.321
5507,1.784
5897,1.099
2193,309.284
2208,183.476
4519,59.793
4515,62.438
4520,63.885
4522,72.922
3655,107.101
4523,80.299
4524,53.898
2201,110.856
1265,1.398
1267,1.164
1271,1.2
5670,1.092
5671,1.231
5672,1.04
5641,1.079
1275,94.848
1281,21.347
1283,28.085
1285,82.539
1289,195.777
1291,49.456
1292,47.923
1295,135.571
1298,105.016
1299,13.038
1302,43.064
1307,138.647
1310,248.452
1315,69.482
1318,107.281
1325,51.001
1328,104.223
1331,60.222
1335,73.982
1360,3.468
1361,15.855
1363,136.164
1366,35.63
1373,31.304
1376,83.39
1377,20.626
1382,22.165
1386,78.654
1387,47.859
1390,26.618
1393,184.567
1394,66.691
1399,113.346
1402,27.683
1404,32.961
1407,36.454
1410,31.239
1411,19.124
1414,54.515
1416,123.478
1418,113.468
1423,149.296
1429,13.464
1431,32.338
1433,41.204
1434,22.866
1435,18.629
1439,81.425
1440,24.345
1441,81.768
1445,67.326
1446,93.514
1447,54.908
1449,30.404
1450,151.665
1451,42.855
1453,121.627
1454,8.766
1455,54.514
1456,241.037
1457,16.844
1459,20.457
1461,80.49
1463,233.936
1464,92.338
1467,13.859
1468,15.054
1469,85.91
1472,7.01
1474,47.956
1475,77.437
1476,5.49
1477,133.895
1480,94.272
1488,121.548
1490,85.876
1497,294.554
1499,15.22
1500,61.051
1506,197.985
1509,42.208
1512,91.339
1517,125.57
1597,9.424
1598,41.282
1599,27.437
1602,47.562
1603,15.701
1604,5.655
1605,43.663
1606,5.579
1607,80.459
1608,46.329
1609,35.553
1610,33.149
1611,41.056
1612,30.911
1613,24.443
1614,59.319
1615,19.663
1616,8.926
1617,49.529
1618,15.236
1619,12.645
1620,40.719
1621,36.423
1623,30.747
1624,103.029
1625,50.978
1626,32.481
2694,81.636
1701,74.794
2642,45.613
1709,76.516
3032,18.257
1757,86.715
1788,67.731
1768,85.102
1773,98.332
1779,66.785
4918,14.025
4919,76.952
2106,199.271
1719,103.565
1715,48.292
1730,94.437
1798,30.711
1799,68.678
1802,44.915
2675,32.538
4920,9.35
1726,119.381
1822,111.662
1828,89.51
1829,122.117
3812,121.592
1740,50.296
2719,32.055
2763,24.726
1819,31.269
1823,94.426
2715,22.853
1789,64.338
2751,33.665
2757,43.079
1677,14.9
1679,58.328
1680,10.573
1681,18.276
1683,49.949
1684,17.627
1685,41.061
1686,16.23
1687,12.474
1688,24.091
1690,32.848
1691,71.859
1692,20.655
1693,28.484
1695,40.746
1697,48.942
1707,41.693
1708,16.476
1713,12.217
1714,15.126
1716,15.963
1720,19.022
1722,38.497
1729,47.189
1731,34.993
1734,19.175
1735,29.249
1736,21.625
1737,22.516
1739,20.591
1741,16.619
1742,48.266
1744,44.308
1746,23.355
1747,16.71
1748,47.549
1750,13.126
1753,39.192
1756,40.112
1758,68.02
1762,27.041
1764,33.224
1767,18.792
1769,20.289
1772,14.577
1774,66.313
1778,25.005
1780,16.68
1782,15.741
1783,48.416
1785,49.188
1787,9.69
1795,16.035
1796,14.368
1797,48.033
1801,19.985
1806,18.356
1808,30.186
1811,53.327
1812,49.137
1813,14.43
1816,21.906
1817,16.046
1821,62.314
1824,26.194
1825,18.38
1826,39.799
2385,384.76
2656,33.786
3817,22.358
2660,51.74
2186,341.944
2726,64.543
2662,19.95
2663,36.239
2664,10.67
2655,14.695
2665,13.136
2666,21.086
2667,16.787
2668,20.01
2669,18.764
2670,21.797
2671,27.461
2672,25.266
2673,13.096
2674,16.49
2676,33.087
2677,10.328
2678,39.431
2679,28.569
2681,21.922
2163,141.644
2682,28.124
2683,23.06
2684,16.813
2685,11.804
2686,24.329
2687,102.633
2688,12.721
2689,22.594
2658,23.373
2690,56.242
2643,23.649
2691,12.223
2692,17.31
2693,13.542
2695,19.423
2696,15.187
2697,20.709
2698,11.659
2699,17.251
2644,23.856
2701,31.036
2661,33.223
2702,29.023
2703,14.538
4370,27.109
4941,5.358
4921,5.241
2079,8.67
2487,5.252
2080,5.739
2645,3.604
4709,8.39
2086,8.259
2651,18.018
4667,9.927
2099,90.275
2883,9.917
2881,9.159
2709,21.004
2710,12.117
2711,28.379
2712,17.409
2713,5.053
2165,297.36
2716,28.487
2717,25.016
2718,19.352
2720,19.762
2722,19.034
2723,28.265
3926,39.606
4372,16.58
3786,56.513
2432,61.077
2406,67.129
2174,361.807
2089,125.388
2164,283.809
2095,358.379
3576,173.421
3579,206.053
2102,114.882
2398,221.625
3581,224.037
3582,117.444
3587,206.114
2403,332.694
2405,273.407
3590,297.919
2171,196.852
2234,332.955
2126,336.166
2410,314.994
3611,153.863
2155,426.265
2282,19.274
2157,304.693
3622,42.375
3842,91.686
3601,175.451
2424,316.546
2176,229.854
3612,238.206
2130,121.872
3605,62.655
3624,43.047
2278,10.481
2280,8.403
2283,8.108
2284,7.59
2074,41.738
2228,49.577
2286,33.513
2213,126.1
2288,5.145
3248,11.392
2705,21.426
4697,19.635
4371,8.372
2736,20.548
2747,10.675
4698,10.639
4373,9.597
4374,11.674
2704,9.218
2706,10.651
4927,16.677
2379,198.502
2222,252.259
2114,398.348
2161,388.495
3574,239.367
3832,101.564
2408,144.524
2411,224.837
2412,280.517
3829,24.328
2428,285.638
2434,300.566
2654,9.124
2657,10.194
2659,36.726
1841,7.078
2559,4.558
1865,16.362
3204,5.643
1866,8.351
3347,2.63
3225,5.631
2435,28.703
3830,10.162
2740,5.748
4937,29.96
4940,8.941
4926,6.96
3892,56.746
3837,83.384
3814,67.311
5196,4.711
3902,37.858
3750,5.702
3751,1.616
2094,123.326
5397,3.938
2759,11.895
4643,10.366
2733,3.866
2737,8.808
2753,14.275
3893,69.78
3894,31.111
3895,91.097
2396,282.74
3896,35.615
3584,238.111
3585,283.956
2402,227.811
3897,70.43
3588,259.404
2376,371.471
3898,53.08
2409,217.057
3631,255.587
3899,59.674
2378,238.81
2215,159.153
3900,106.727
2415,164.592
2182,233.191
3651,55.061
2383,151.837
3615,268.35
2430,335.1
2154,97.811
3638,198.235
2177,341.318
3658,167.507
2170,270.23
2438,221.169
4910,2.932
3578,245.23
2144,167.731
2091,261.75
3623,209.404
2168,288.768
2103,126.71
2105,268.717
2108,287.773
2400,209.518
2401,260.396
3600,246.244
4517,17.51
3603,69.49
2413,246.242
3607,111.794
2131,289.1
2416,278.144
4024,139.426
3610,294.47
2212,365.905
3633,205.328
4518,26.347
4521,60.241
2422,227.49
3848,55.356
3616,132.554
3644,68.229
2194,359.384
3637,267.438
2429,234.03
3628,194.764
4644,6.305
4651,5.87
2746,9.203
4925,9.727
5347,2.367
3753,13.038
4666,7.17
4853,9.384
4695,2.938
4696,2.954
2724,2.311
2725,7.802
2727,4.153
2728,9.837
2729,7.137
2730,5.076
2731,22.93
2732,10.259
2734,6.556
2735,4.257
2738,4.479
2739,3.982
2741,9.505
2742,10.978
2744,4.195
2745,7.703
2748,9.687
2749,8.102
2750,5.621
2752,10.914
2754,3.064
2755,5.452
2756,16.345
2758,4.089
2760,8.942
2761,5.494
2762,7.001
2764,4.104
2765,4.117
4946,13.821
3909,120.665
2203,163.361
5042,21.014
2172,95.829
4600,3.35
4027,79.378
3656,179.679
4621,51.465
4516,15.505
1642,61.502
3941,15.929
3937,25.846
3820,19.931
3821,24.063
3816,77.986
4966,35.325
5117,6.969
3838,73.797
3847,27.188
4928,30.851
4932,18.801
4935,21.169
3945,57.396
4933,18.411
4930,16.681
3839,61.053
4934,37.122
3846,66.308
4936,23.386
1673,23.491
3835,53.72
3841,84.034
2124,145.382
2195,77.996
2162,139.256
2207,176.091
3654,172.229
3139,35.278
2202,100.849
2143,223.81
1646,19.422
3904,28.759
3845,41.27
3595,62.528
4938,28.683
4939,48.547
3861,35.073
3784,10.001
3813,61.462
3826,9.948
2979,26.097
3648,17.54
3828,20.08
3823,22.797
5049,5.029
5050,4.344
3836,13.373
5051,15.954
5052,16.784
5053,4.944
4793,19.222
1630,14.514
2894,3.248
3859,12.053
3860,7.638
5538,8.376
5539,5.634
5041,16.111
3789,15.086
3580,25.387
3924,33.298
3938,21.107
4922,11.223
4924,4.964
3007,9.493
5369,2.214
5385,6.752
3137,11.828
5386,4.31
5496,1.595
5497,1.425
3529,6.189
2587,2.026
2584,2.069
2273,2.62
1833,4.792
3205,6.135
1862,2.119
3952,7.821
4601,1.168
2241,7.655
2242,8.637
2244,11.119
2245,14.957
2249,5.922
2251,3.015
2252,1.254
2258,4.219
3250,2.74
4302,8.017
4297,7.286
4306,3.844
4304,8.728
4307,6.381
4298,2.109
4299,8.386
4308,3.832
5067,5.952
5069,4.026
5070,2.68
5071,1.876
5072,4.201
5073,4.624
5078,1.217
5083,1.117
5084,1.497
5079,1.545
2994,5.352
5085,3.342
5080,1.53
5082,1.923
5081,1.211
4287,6.325
2324,12.383
3704,12.303
4563,5.892
2323,13.891
3728,7.199
4569,4.085
4764,3.215
4765,2.366
4673,7.425
4713,6.775
3159,9.194
4678,3.488
4690,2.672
4529,6.152
5167,1.592
5168,2.431
2190,25.453
3018,11.55
3144,5.14
4603,3.355
3167,5.407
4615,1.987
5157,5.932
3640,24.119
5159,7.347
5165,3.86
5855,1.908
2081,7.945
2085,8.55
3135,7.798
3136,6.321
3140,4.255
2259,3.306
2263,2.966
2264,2.769
2266,8.311
2267,2.126
2269,4.367
2270,4.504
2272,7.326
2582,8.436
3927,19.686
3928,20.497
3929,8.708
3925,22.997
3930,6.382
3931,8.191
3932,30.702
3933,8.324
3934,31.001
3935,12.301
3936,18.989
4906,3.59
4907,2.022
4908,1.784
4909,2.335
4911,1.628
4031,2.161
5140,1.065
5141,1.189
5142,1.367
5143,2.345
1628,3.119
1629,1.578
1631,5.584
1633,2.04
1634,2.074
1635,1.131
1637,2.271
1638,1.143
1639,5.695
1640,1.934
1641,12.073
1643,19.895
1644,4.41
1647,4.382
1648,1.184
1649,1.752
1652,1.233
1653,1.149
1655,2.865
1657,1.388
1658,1.088
1659,1.208
1660,1.948
1661,1.62
1662,2.734
1663,1.964
1664,1.081
1665,1.487
1666,1.303
1671,9.122
1672,7.515
1676,6.092
1948,1.532
1945,1.285
5092,1.239
1951,3.454
1952,2.154
1955,2.134
1956,2.577
1957,1.107
1958,5.2
1959,1.073
1961,2.092
1962,2.034
1963,1.964
1944,1.046
1946,1.058
1965,1.349
1967,5.511
1969,1.941
1972,2.25
1973,1.683
1980,8.376
1981,1.186
1983,1.378
3921,1.179
4849,1.661
3864,2.813
3792,18.26
3783,2.921
3788,18.692
3794,5.164
3831,5.382
3793,9.887
3787,4.642
3865,7.878
2648,2.68
5702,1.05
5221,1.67
5484,1.077
3058,6.329
3064,2.236
3785,3.377
3790,10.363
3791,6.823
5182,5.195
4028,25.609
5086,3.029
5087,5.257
4681,4.164
4553,3.387
3922,3.08
2874,2.467
2583,10.845
5227,2.163
5027,4.785
2876,2.315
2880,6.203
4654,3.658
3134,7.836
3142,11.101
4653,4.767
4694,6.912
4633,6.863
4632,7.113
3727,7.657
5602,1.683
5603,2.496
5244,3.306
2996,3.437
3011,2.724
4888,2.832
4303,6.697
5801,1.925
5501,1.068
2884,1.489
5502,2.356
5451,4.287
5367,9.852
2607,1.737
2608,1.456
2609,1.397
5450,2.46
5452,1.705
4482,2.479
2524,3.384
2526,4.117
2533,6.114
2538,2.356
5033,2.804
3573,48.738
4889,2.509
4301,3.605
4890,5.318
4891,3.784
4893,2.223
4894,1.66
4895,1.62
4626,2.274
3138,9.002
2934,2.013
5706,1.843
5707,5.193
5246,1.743
5552,1.731
5389,3.621
5390,2.271
5077,2.197
2837,26.807
2985,9.546
2090,18.837
3391,25.272
1830,1.218
1831,1.198
1832,1.077
1834,3.341
1836,2.617
1837,3.227
1839,1.1
1840,3.486
1842,1.365
1844,3.232
1845,1.931
1846,1.753
1849,1.634
1850,1.453
1852,3.952
1854,1.395
1856,1.517
1857,1.324
1858,1.707
1859,2.057
1860,1.406
1863,1.764
1864,1.441
1867,1.831
3948,1.062
3949,1.713
3950,2.62
4913,1.113
3951,1.669
3219,3.497
3220,1.487
3221,2.118
3222,1.975
2552,7.297
2553,6.115
3223,1.605
3224,1.645
3226,1.958
3227,3.287
3228,2.71
3229,1.179
2546,4.394
5398,1.162
2557,6.454
2290,4.606
4912,2.429
3349,1.53
3232,3.453
2549,2.696
2551,9.701
5430,1.06
5503,1.051
5504,1.044
2556,1.158
3230,2.33
3231,1.136
3209,5.918
2558,3.064
1876,2.221
1877,2.816
1891,6.628
1896,1.865
1909,5.042
1915,2.342
1923,11.509
2618,2.939
4312,4.491
4313,2.857
4314,3.906
3962,2.196
4315,4.591
4316,1.55
3963,7.214
4317,2.47
4318,4.451
2949,1.318
5308,1.055
4339,1.225
5350,1.51
3125,2.944
3126,6.158
4327,4.632
4335,5.891
4319,6.818
4329,5.049
4365,1.993
4320,4.044
4321,6.482
4368,1.168
4367,1.875
4331,3.021
4323,3.073
4340,3.59
4369,1.719
4333,2.284
4334,2.174
2932,2.136
4330,3.017
4328,2.529
4336,2.094
4366,1.349
4326,2.787
5054,1.888
5055,2.99
4324,5.532
3129,4.58
4325,2.163
3127,3.639
4341,1.307
2933,1.807
2953,1.322
2939,1.253
2937,1.267
2936,1.21
2938,2.88
2940,1.148
3128,1.715
4322,4.779
3364,4.756
3660,1.271
3661,1.082
3662,2.895
3663,1.183
5433,1.042
3676,1.471
3677,1.049
3736,3.518
3737,1.093
3738,1.774
3739,4.156
3740,10.299
3742,1.147
4783,1.233
5093,1.79
3672,1.452
2488,1.562
2492,1.159
2493,1.406
2497,1.243
2498,1.273
2500,2.112
2501,1.259
2503,1.234
2505,1.746
3732,1.582
2795,1.405
5653,1.053
5654,1.056
3729,2.025
5569,1.103
3684,1.144
5769,1.086
5770,1.088
5393,1.183
3682,1.389
3702,1.143
3687,1.374
4738,1.231
5100,1.052
5101,1.087
3678,1.104
2897,3.822
2913,1.645
2816,2.041
2909,1.369
3009,1.096
3010,1.811
2912,7.395
3012,1.114
3013,3.387
3014,2.082
2911,1.294
3015,1.192
3008,2.208
2918,2.255
2916,1.218
5614,1.129
4741,1.655
5617,1.13
3705,6.636
3707,4.451
3708,5.756
3709,5.188
3710,11.348
3713,10.276
3714,2.984
3715,4.937
3716,4.726
3717,6.562
3721,2.531
3722,6.027
3723,5.398
3724,1.363
3725,5.904
3726,2.655
2342,7.106
4742,1.098
4743,1.067
4744,1.153
4745,1.057
5651,1.089
5109,1.171
3730,2.221
2509,1.927
2489,1.412
5108,1.106
5110,1.116
5106,1.184
5262,1.18
3667,1.329
3679,1.338
3668,1.253
3680,1.103
3670,2.402
3598,42.178
3681,1.142
3683,1.178
3685,1.523
3674,1.473
3675,1.758
3686,1.061
3671,1.186
4967,2.267
3733,2.145
3734,1.289
5462,1.888
5326,5.147
5432,1.073
4455,3.595
4459,3.233
5738,1.216
5739,1.223
5740,1.286
5741,1.241
5725,1.077
4496,1.323
5238,2.263
5239,1.547
5043,1.236
3645,52.936
2189,205.008
2230,71.255
4449,2.507
5836,1.071
5322,1.062
3170,1.545
2073,6.19
2075,2.553
2078,6.371
2087,108.279
2100,97.89
2110,58.654
2112,44.457
2113,21.459
2133,137.119
2136,82.401
2148,102.476
2153,72.579
2159,89.389
2166,14.956
2178,34.268
2199,133.342
2214,82.071
2236,5.834
2274,2.841
2294,2.123
2299,2.442
2304,2.159
2306,1.932
2309,3.333
2314,4.353
2315,4.282
2317,4.689
2318,6.606
2321,4.507
2325,6.974
2331,8.491
2375,82.692
2382,81.612
2395,1.159
2420,67.293
2423,102.998
2425,81.057
2427,30.776
2441,1.083
2442,1.711
2485,3.095
2486,4.837
3759,3.46
3760,5.172
3761,7.429
5368,1.334
5736,1.505
2968,6.594
4710,4.498
4538,6.691
4711,3.759
4712,4.412
2619,24.431
3634,30.94
3891,102.508
3589,64.719
3636,55.41
4025,81.804
3599,95.525
4665,3.308
5370,3.89
5371,3.082
5372,2.472
5181,4.694
5373,4.655
5374,2.526
5375,2.409
5376,3.375
5377,2.015
4474,41.718
3609,53.16
4791,50.892
3613,70.764
3635,65.367
3642,42.673
3625,76.188
3659,43.109
3649,75.578
5065,3.063
3630,33.94
3650,45.836
3632,41.652
3652,18.582
3641,29.029
3627,56.998
3606,87.43
4622,69.099
3602,43.353
4736,23.657
4795,43.927
3818,31.429
3621,69.339
3907,8.53
3643,94.373
3575,76.874
4905,17.466
4796,41.76
4700,6.029
4701,4.701
3592,43.886
3639,21.257
3903,14.703
4526,5.719
4536,1.665
3577,56.442
3619,37.345
3618,37.865
3608,40.563
3604,48.19
3626,35.685
3614,36.123
4794,11.465
4514,6.674
4512,23.555
4788,36.984
3593,18.551
3594,28.472
3596,66.928
4494,9.562
3905,15.026
2629,16.937
5031,13.109
3801,7.598
4792,20.29
4571,5.137
4592,11.388
4574,7.073
4583,7.362
4588,4.47
4579,9.155
5524,1.459
5525,1.26
4560,1.386
4531,3.457
4582,4.079
5183,1.908
4746,5.398
4747,2.649
5529,2.151
5294,1.209
5229,1.278
5297,1.157
5423,1.101
5425,1.371
5426,1.18
4748,7.688
4631,4.401
4754,3.844
4761,1.161
4762,2.903
4752,4.415
4763,2.522
4766,1.827
4661,2.307
5155,6.524
3957,5.37
5173,2.69
5174,2.296
5163,3.786
5170,3.138
5160,5.287
5175,3.494
3955,4.669
5176,1.208
4564,3.604
5158,6.63
4604,3.076
4610,2.979
5146,1.753
3168,2.095
5792,1.101
2844,20.126
5156,5.008
3956,8.35
3954,3.28
3530,1.136
4575,1.423
5343,1.127
2875,1.276
2877,1.118
5344,1.108
5346,1.503
3130,5.239
3141,2.612
3145,3.98
3366,1.99
5023,2.922
5024,3.317
5025,2.08
5026,1.573
5028,2.18
5029,2.083
5089,11.893
5719,1.054
5720,1.99
5694,1.18
5094,2.184
5096,2.279
5097,1.581
5098,1.683
5099,1.158
5802,1.083
5803,1.044
2542,3.91
3241,3.554
3242,2.057
3243,2.04
2547,5.053
3244,1.074
4194,3.147
3343,1.658
3354,1.435
5458,1.75
4179,5.541
4716,4.712
5399,2.69
5400,4.08
5404,2.777
5401,2.354
5402,3.572
4843,1.526
4844,4.375
4845,2.549
4846,3.791
4847,1.181
4848,2.358
5876,1.27
3346,1.132
5352,1.582
5353,1.059
5354,1.687
5355,1.072
5356,1.083
5075,2.163
3235,1.755
5076,1.052
3237,1.695
2560,3.901
3234,2.857
2543,1.188
2548,6.754
2550,1.902
2554,1.761
2562,1.921
5429,2.248
4972,1.817
4510,1.606
4578,1.668
4568,6.11
4945,2.105
4577,3.176
4570,1.165
4572,1.152
4573,2.693
4576,1.232
4580,2.531
4590,4.924
4591,3.314
4567,1.16
4749,2.338
5842,1.469
5243,1.977
5245,2.457
5475,2.666
5889,1.346
5553,2.034
5248,1.154
4091,3.349
4047,4.445
5479,1.487
5827,1.045
5828,1.044
3799,5.723
3866,4.015
3867,5.853
4798,14.684
5348,4.111
5189,4.401
5746,2.412
3564,11.859
3358,1.281
5184,1.081
3054,5.198
3055,5.883
3056,3.082
3057,8.234
3059,3.375
3060,1.504
3063,2.759
4656,1.073
4657,1.171
4658,1.153
4660,1.715
4659,1.593
3061,5.37
3065,1.079
3375,1.961
5563,2.117
5825,2.513
5495,1.504
2508,1.31
2510,1.26
5392,3.127
5391,5.042
5745,1.04
3854,3.245
3669,1.724
3673,1.133
5556,1.03
2650,2.527
5562,1.496
5713,1.22
5715,1.097
3689,1.171
3690,1.615
3691,1.347
4784,1.109
4739,1.168
5102,1.315
5103,1.181
5104,1.103
5105,1.18
5107,1.115
4785,1.125
5760,1.043
5772,1.097
5773,1.108
2841,30.273
2852,17.715
2842,26.413
2860,26.706
2863,25.854
2865,30.279
2833,25.981
2970,20.667
2864,14.433
5060,2.203
5061,1.274
5062,1.937
4305,3.362
5064,1.222
5428,1.162
4180,6.117
4184,4.833
4154,8.854
4197,2.957
4203,2.019
4186,7.673
3206,1.19
3207,1.961
5427,2.169
5431,1.53
5533,1.61
5228,3.346
3236,1.877
3350,1.559
5676,1.155
5758,1.051
5567,3.427
3233,1.707
3352,1.434
2596,1.114
2600,2.634
2602,1.807
2603,4.973
2610,2.145
2611,2.343
2615,1.765
3251,1.439
3253,1.261
3254,3.212
4803,1.203
5566,1.141
5744,1.785
5231,1.275
5233,1.136
5234,1.499
5235,1.357
4671,2.591
5236,1.082
5237,1.134
5230,2.401
4760,1.437
5240,1.323
5241,4.736
4757,1.325
5755,1.146
5833,1.038
5857,1.032
4759,1.227
3249,1.613
2616,2.829
2617,2.532
2620,2.181
2621,1.566
2622,1.726
2623,1.156
2624,1.103
2625,1.69
2626,2.962
2627,1.489
2628,2.21
2630,2.422
2631,2.019
2632,1.937
5708,1.153
4309,2.104
4310,2.707
2893,3.352
2895,4.192
2901,4.744
2903,3.164
2646,1.602
2647,1.124
2649,1.296
2652,1.716
2653,2.114
5667,1.482
5378,1.132
5379,1.122
5380,1.174
5381,1.133
5903,1.083
5904,1.07
5905,1.084
4221,2.687
4445,1.368
5625,1.063
2951,2.779
4114,6.323
5017,1.774
5009,2.283
5010,2.684
5011,1.988
3942,18.968
3943,12.698
3947,13.825
4672,4.761
5012,2.091
5013,1.846
5014,1.92
5015,1.652
4647,8.574
5724,2.171
4646,6.828
4652,4.526
4637,2.773
4639,5.297
4640,6.896
4645,5.027
4648,3.708
4649,3.698
4650,4.265
4638,2.053
4641,2.469
5056,1.8
5057,1.087
5058,1.057
5059,1.036
5179,3.88
5169,4.223
5756,1.366
5505,1.693
5016,1.518
2767,2.242
2768,6.133
2769,1.18
2770,1.559
2789,1.061
2790,3.137
2792,1.723
2793,2.778
3858,2.609
5781,1.047
5782,1.237
4958,2.371
4959,2.037
5263,1.117
5208,1.04
5209,1.601
5210,3.768
5211,1.398
5212,1.06
5213,1.055
5214,1.05
5215,1.064
5216,1.683
5217,1.05
3919,2.89
5585,2.91
5586,2.02
5587,1.941
5588,1.736
5589,1.408
5590,2.069
5591,1.886
5592,1.196
5593,2.285
5594,2.513
5595,3.814
5596,1.795
3004,6.97
4375,2.802
4680,5.049
4691,3.025
4686,2.507
4943,2.139
3856,4.933
5119,2.566
5447,2.794
5448,1.638
5449,1.742
3851,5.019
3852,1.357
3853,2.686
3855,2.694
3857,2.631
5445,2.619
4495,3.788
5446,2.32
5305,1.291
5225,1.244
5324,1.045
5325,1.41
5327,1.052
5328,1.099
2796,1.513
2797,1.844
2798,1.694
2799,1.76
2800,1.762
2801,2.31
2802,1.589
2803,1.641
2804,1.594
2805,1.229
2806,1.326
2807,1.237
2808,1.362
2809,1.203
2810,1.363
2811,1.109
2812,1.357
2813,1.37
2814,1.322
2815,1.464
2817,1.22
2818,1.178
2819,1.205
2820,1.092
2821,1.11
2822,1.059
5793,1.037
5794,1.09
2931,1.333
3258,1.167
2920,1.378
5626,1.037
2823,3.43
2826,27.662
2827,20.251
2828,21.161
2829,7.793
2831,13.327
2832,28.394
2834,10.847
2835,9.425
2836,26.893
2840,21.12
2843,23.907
2845,20.476
2848,14.645
2850,19.04
2851,26.964
2853,20.086
2855,8.013
2856,10.702
2861,13.815
2862,28.527
2866,3.799
2867,16.165
2868,21.184
2870,1.103
2872,1.513
2959,20.111
2962,17.217
2974,15.462
2984,13.432
2964,17.793
2982,14.996
2966,22.576
2965,20.47
2987,11.728
2967,25.425
2971,20.84
2973,26.263
2963,17.732
2955,17.677
2975,12.727
2977,7.461
2978,9.22
2960,7.263
2958,14.787
3005,1.407
2981,6.993
3000,2.395
2986,3.663
2990,1.329
2992,2.407
2993,1.678
2995,1.294
2972,6.134
2999,3.553
3001,1.912
3002,5.558
3764,2.21
3763,1.078
5345,1.051
5751,1.167
5689,1.143
4511,1.142
5416,2.656
2886,3.439
2891,4.049
4270,1.393
4289,1.133
4290,1.224
2898,3.245
2899,1.447
2902,1.697
2904,1.208
2905,1.229
2906,2.1
2907,1.767
2908,2.233
2910,1.36
2914,4.556
2915,1.245
2917,1.28
2919,5.917
2921,2.754
2925,4.856
2926,1.927
2927,1.066
2929,1.578
2930,1.719
5478,1.04
3019,1.19
3024,6.207
3023,5.257
3025,2.405
3026,6.262
3028,2.987
3029,5.696
3030,5.507
3031,3.769
3033,1.096
3034,4.006
3006,1.036
3259,1.037
3260,1.051
4172,8.017
5115,1.813
3020,1.225
2935,1.049
2941,1.152
2942,1.548
2944,1.153
2945,1.832
2946,1.379
2947,1.327
2948,1.299
2950,1.204
2952,1.452
2954,1.227
5320,1.249
5317,1.148
5318,1.123
5319,1.148
5316,1.043
5019,2.367
5622,3.064
5623,2.754
5624,2.674
4947,2.125
4948,1.14
4949,1.122
4950,1.253
5441,1.121
5442,1.096
5185,1.035
3754,1.046
5247,2.267
5813,1.625
5814,1.459
5413,1.041
4715,2.648
5403,3.515
5407,2.489
3021,1.112
3022,1.094
5799,2.208
5888,1.052
3068,1.644
3069,1.469
5323,1.119
3888,1.313
4852,2.237
4332,1.079
5795,1.085
5796,1.089
3131,1.15
3132,1.078
3133,1.061
3146,1.621
5388,1.773
5387,1.064
5885,1.055
5886,1.033
3147,1.595
3148,2.017
3150,2.77
3151,3.653
3152,2.98
3154,1.829
3155,1.897
3157,1.512
3158,3.227
3160,2.886
3161,1.196
3162,3.271
3163,1.651
3164,2.164
3165,1.143
3166,1.701
3169,3.08
3171,1.802
3172,3.141
3173,2.67
3174,1.336
3175,1.169
3176,3.199
3177,2.869
3178,3.114
3179,3.007
3180,2.675
3181,1.124
3183,1.632
3184,3.045
4617,4.074
4612,1.554
4605,2.405
4611,4.285
4607,1.645
4606,1.953
5311,1.174
4613,1.87
4618,2.03
5312,1.121
4608,1.495
4616,1.473
4614,2.414
5147,1.1
5148,1.288
4602,1.834
5481,1.164
5483,1.055
5482,1.254
5126,2.278
5309,1.574
5145,1.997
5313,1.109
5678,1.063
5677,1.12
4642,2.454
5630,1.466
5880,1.036
5307,1.166
3255,1.027
3256,1.774
5474,2.042
5531,1.048
5532,1.043
3342,1.177
3344,1.863
3345,1.888
3351,1.145
3353,1.304
3355,1.11
3356,1.204
5456,1.111
5457,1.112
5790,1.043
5791,1.049
3359,1.681
3361,1.039
3363,3.371
4034,1.398
4537,2.513
5252,1.894
4035,1.882
5606,1.254
4045,1.215
4249,1.311
3372,1.264
3374,2.256
3376,1.535
3377,1.319
3378,1.133
3380,1.657
3382,1.126
3386,1.06
5558,1.18
4208,3.778
4223,2.192
5564,1.278
3397,1.196
5835,4.461
5597,1.092
3777,2.197
3762,1.087
3757,1.744
3758,1.147
4620,1.079
5443,2.125
5256,2.5
5257,1.516
5259,1.209
5260,1.448
5258,2.11
5261,1.054
4182,4.833
4191,2.748
5095,1.515
5608,1.07
4729,1.378
4215,6.19
4216,3.132
5697,6.596
5254,9.974
4214,6.383
5754,3.507
5723,1.039
3778,1.037
3779,1.7
5197,2.459
5198,2.652
5204,2.445
5205,3.374
5206,2.145
4598,2.038
5207,1.041
5728,2.625
5832,2.003
5601,1.813
5604,3.079
5872,1.761
5224,2.205
5896,1.491
5561,6.861
4525,2.536
4527,2.174
4528,1.07
4530,2.109
5695,7.276
5815,2.084
5570,1.545
5816,1.835
5729,3.677
5768,2.224
5303,1.561
5306,1.566
5490,1.118
5859,1.147
5902,1.999
4119,1.203
4112,3.313
5820,1.796
5605,1.128
5870,1.054
5871,2.33
5822,2.157
5631,1.034
5455,2.78
5629,1.093
5571,1.552
3802,1.345
3806,1.777
5220,1.666
3803,1.387
3805,1.242
3807,2.336
5453,2.047
5118,1.174
5454,1.461
5226,1.861
5415,1.328
5417,1.071
5253,2.54
5696,5.387
5121,1.722
5698,2.815
5895,1.098
4597,2.085
5568,2.561
5778,1.032
3912,1.425
5818,1.108
5840,2.28
3917,1.693
3918,1.393
5660,1.703
5661,2.867
5662,1.296
5852,1.041
3906,6.893
5732,1.23
5734,1.183
5830,1.09
5761,2.448
5762,2.413
5829,1.13
5164,2.547
5172,2.707
5659,2.16
3665,1.219
5554,1.087
5046,1.105
5047,1.096
5048,1.092
4786,1.153
5655,1.063
5656,1.035
5152,1.184
5675,1.029
5873,1.086
4782,1.039
5775,1.052
5485,1.038
4942,1.131
4755,1.754
4756,1.228
4758,1.181
5384,1.289
5460,1.596
5461,1.145
5408,1.731
5575,1.177
5722,1.171
5463,1.62
5574,5.502
4740,1.247
5122,1.166
5177,2.609
5166,2.11
5162,2.531
5178,1.519
5180,1.998
5161,2.949
5171,1.953
5409,1.654
5410,1.404
5411,2.774
5412,1.065
5468,1.363
5469,1.107
5470,1.077
5471,1.056
5472,1.083
5279,2.024
5284,1.766
4717,2.154
5883,1.034
5808,1.052
5809,1.043
3808,1.132
3850,4.207
3862,1.458
5139,1.302
5088,5.233
5488,5.426
5489,6.183
3939,6.686
4721,1.606
5642,1.065
4968,2.354
4969,1.059
4970,2.25
4971,1.97
5222,1.06
5223,1.045
5120,1.057
3940,6.903
3946,9.205
5349,1.036
4472,1.386
3923,5.504
4668,2.076
4624,1.209
4625,1.658
3913,1.131
3914,1.179
3915,1.888
3916,1.149
3920,1.102
5785,1.194
5783,1.051
5784,1.164
5786,1.056
5787,1.044
3944,2.965
4337,1.68
4505,1.98
5613,1.066
4503,1.198
4446,1.377
5251,1.634
4767,1.136
4768,1.03
5621,1.217
5607,1.313
4104,1.139
4113,1.707
4124,1.679
4135,1.213
5528,1.096
4809,1.515
5638,1.121
4178,1.787
4209,1.87
4210,2.028
4217,1.307
4218,1.849
4219,1.175
4224,1.269
4225,1.233
4226,2.721
4228,1.566
4229,1.442
4244,1.076
4481,1.662
4483,2.341
4484,1.639
4485,1.859
4486,1.281
4487,1.361
4488,2.165
4489,1.292
4443,1.512
4490,1.284
4491,2.354
4492,1.703
4493,1.246
4444,1.25
5493,1.596
5255,1.299
5565,2.137
5560,1.306
5559,1.09
4800,1.396
4663,1.037
4714,1.094
4719,1.157
4718,1.119
5779,1.687
4664,1.252
4442,1.177
4623,1.192
4441,1.121
5664,1.069
5665,1.053
5666,1.058
5777,1.108
5620,1.294
5405,1.093
5406,1.1
5633,1.064
5634,1.106
5635,1.082
4250,1.709
4251,1.115
4253,2.106
5494,1.111
5421,1.847
4532,2.182
4552,2.363
4549,1.358
5124,1.284
5125,1.357
5127,1.814
5128,1.256
5129,1.789
5130,1.927
5131,1.878
5132,1.167
5133,1.278
5135,1.03
5422,1.61
4550,1.623
4547,1.12
4548,1.936
5765,1.128
5763,1.07
5764,1.117
4300,1.28
4892,1.626
4896,1.712
5351,1.11
5424,1.186
5486,1.607
4471,1.736
4479,1.177
5419,1.035
5699,1.365
5301,1.437
5487,1.113
5853,1.058
5619,1.082
5837,1.037
4731,1.087
4735,2.788
4732,2.508
4963,3.001
4964,3.418
5882,1.635
4960,1.269
4962,2.184
4535,1.616
4541,1.152
4542,1.162
4543,1.119
4545,1.097
4546,1.496
5366,1.319
5134,1.098
5893,1.042
5394,1.096
5395,1.127
5396,1.189
4944,1.318
5721,1.571
4753,1.772
4596,1.038
4599,1.041
4609,1.589
5310,1.166
4627,1.085
4655,1.076
5747,1.543
5439,1.069
5440,2.202
5435,1.526
5188,1.357
5459,1.089
5242,1.527
4693,1.036
5363,1.091
5434,1.059
5850,1.04
4720,1.074
4722,1.205
4723,1.055
4724,1.114
4725,1.027
4726,1.159
4727,1.035
4728,1.036
4730,1.045
5153,1.139
5337,1.087
5338,1.102
5649,1.148
5650,1.105
5673,1.044
5759,1.052
5090,2.12
5091,1.905
4799,1.081
4801,1.164
4802,1.138
4804,1.231
4805,1.081
4806,1.12
4807,1.148
4808,1.128
5572,1.116
4900,7.575
4903,4.757
4902,6.239
5780,1.047
4901,2.071
5800,1.206
5537,1.703
5669,1.076
5866,1.056
5867,1.056
5865,1.08
4953,1.044
5444,1.037
5190,1.107
5191,1.086
5192,1.251
5193,1.163
5194,1.235
5362,1.031
5674,1.044
5551,1.674
5709,1.056
5437,1.047
5703,1.337
5705,1.103
5749,1.036
5186,1.083
5187,1.083
5018,1.067
5020,1.135
5021,1.166
5022,1.062
5658,1.152
5030,1.082
5032,1.359
5573,1.026
5329,1.1
5330,1.149
5333,1.102
5334,1.042
5331,1.14
5335,1.08
5336,1.063
5332,1.167
5542,1.056
5543,1.136
5545,1.166
5546,1.098
5547,1.059
5548,1.341
5549,1.205
5550,1.044
5663,1.148
5195,1.232
5044,1.029
5805,1.146
5534,1.076
5536,1.068
5535,1.104
5868,1.051
5869,1.033
5717,1.095
5718,2.138
5711,1.089
5712,1.094
5714,1.077
5645,1.105
5874,1.032
5116,1.073
5123,1.037
5900,1.043
5304,1.038
5846,1.037
5847,1.043
5149,1.123
5150,1.035
5151,1.101
5154,1.042
5887,1.734
5757,1.037
5612,1.082
5526,1.038
5527,1.041
5199,1.038
5200,1.053
5201,1.036
5202,1.047
5203,1.046
5293,1.063
5295,1.093
5298,1.032
5296,1.131
5581,1.81
5582,1.049
5583,1.121
5540,1.101
5541,1.662
5272,1.127
5287,1.667
5774,1.036
5628,1.05
5823,1.053
5824,1.036
5364,1.079
5639,1.068
5640,1.091
5776,1.046
5436,1.061
5438,1.062
5898,1.039
5382,1.032
5383,1.151
5680,1.488
5687,1.111
5683,1.358
5681,1.459
5849,1.034
5851,1.045
5576,1.076
5577,1.826
5578,1.058
5579,1.099
5580,1.05
5843,1.123
5845,1.093
5860,1.05
5848,1.039
5506,1.056
5508,1.259
5509,1.093
5510,1.298
5511,1.219
5512,1.141
5513,1.149
5514,1.146
5515,1.218
5516,1.345
5517,1.32
5518,1.049
5519,1.262
5520,1.236
5521,1.157
5522,1.086
5523,1.088
5646,1.034
5700,1.034
5701,1.109
5648,1.13
5647,1.131
5748,1.116
5879,1.039
5644,1.045
5881,1.042
5861,1.036
5877,1.097
5878,1.084
5901,1.04
5899,1.036
5750,1.211
5752,1.176
5753,1.133
5609,1.048
5615,1.039
5616,1.079
5618,1.034
5863,1.042
5657,1.739
5643,1.03
5652,1.035
5890,1.158
5668,1.047
5838,1.06
5679,1.089
5682,1.309
5684,1.282
5685,1.301
5686,1.314
5688,1.342
5690,1.052
5691,1.074
5692,1.051
5693,1.073
5894,1.042
5704,1.04
5812,1.036
5716,1.063
5742,1.063
5726,1.077
5727,1.037
5730,1.059
5731,1.054
5766,1.11
5767,1.046
5733,1.088
5735,1.084
5737,1.054
5826,1.042
5743,1.038
5907,1.035
5841,1.048
5797,1.036
5798,1.051
5858,1.032
5789,1.031
5862,1.079
5811,1.034
5804,1.047
5806,1.043
5807,1.041
5817,1.04
5819,1.053
5821,1.081
5839,1.047
5844,1.038
5884,1.04
5854,1.048
5856,1.042
5875,1.037
5891,1.082
5892,1.044
